ชื่อสินค้า,แบรนด์,รุ่น,หมวดหมู่,ราคา (THB),คงเหลือ,สถานะประกาศ,ประกันถึง,แท็ก,ลิงก์สั่งซื้อ (Facebook),ลิงก์สั่งซื้อ (Line),ลิงก์รูปภาพหลัก,ลิงก์รูปภาพเพิ่มเติม,รายละเอียดสั้น,รายละเอียดเต็ม
การ์ดจอ Model-001,MSI,Model-001,การ์ดจอ (GPU),990,2,active,2026-08-17,,https://m.me/justcomth,https://line.me/R/ti/p/~your_line_id,images/การ์ดจอ_1_main_1200x800.png,"images/การ์ดจอ_1_extra1_1000x750.png,images/การ์ดจอ_1_extra2_1024x768.png",สินค้าในหมวด การ์ดจอ (GPU) รุ่น Model-001,รายละเอียดเต็มสำหรับ การ์ดจอ Model-001 — ตัวอย่างข้อมูลเพื่อทดสอบระบบ Front/Popup/CSV
การ์ดจอ Model-002,ASUS,Model-002,การ์ดจอ (GPU),5990,4,sold,2027-01-01,,https://m.me/justcomth,https://line.me/R/ti/p/~your_line_id,images/การ์ดจอ_2_main_1000x750.png,"images/การ์ดจอ_2_extra1_1024x768.png,images/การ์ดจอ_2_extra2_1024x768.png",สินค้าในหมวด การ์ดจอ (GPU) รุ่น Model-002,รายละเอียดเต็มสำหรับ การ์ดจอ Model-002 — ตัวอย่างข้อมูลเพื่อทดสอบระบบ Front/Popup/CSV
การ์ดจอ Model-003,Gigabyte,Model-003,การ์ดจอ (GPU),2590,2,active,2027-04-04,,https://m.me/justcomth,https://line.me/R/ti/p/~your_line_id,images/การ์ดจอ_3_main_900x900.png,"images/การ์ดจอ_3_extra1_1280x720.png,images/การ์ดจอ_3_extra2_1000x750.png",สินค้าในหมวด การ์ดจอ (GPU) รุ่น Model-003,รายละเอียดเต็มสำหรับ การ์ดจอ Model-003 — ตัวอย่างข้อมูลเพื่อทดสอบระบบ Front/Popup/CSV
การ์ดจอ Model-004,Zotac,Model-004,การ์ดจอ (GPU),1990,4,active,2027-02-16,,https://m.me/justcomth,https://line.me/R/ti/p/~your_line_id,images/การ์ดจอ_4_main_1280x720.png,"images/การ์ดจอ_4_extra1_1200x800.png,images/การ์ดจอ_4_extra2_900x900.png",สินค้าในหมวด การ์ดจอ (GPU) รุ่น Model-004,รายละเอียดเต็มสำหรับ การ์ดจอ Model-004 — ตัวอย่างข้อมูลเพื่อทดสอบระบบ Front/Popup/CSV
การ์ดจอ Model-005,GALAX,Model-005,การ์ดจอ (GPU),4590,5,active,2026-05-28,,https://m.me/justcomth,https://line.me/R/ti/p/~your_line_id,images/การ์ดจอ_5_main_1024x768.png,"images/การ์ดจอ_5_extra1_1000x750.png,images/การ์ดจอ_5_extra2_1280x720.png",สินค้าในหมวด การ์ดจอ (GPU) รุ่น Model-005,รายละเอียดเต็มสำหรับ การ์ดจอ Model-005 — ตัวอย่างข้อมูลเพื่อทดสอบระบบ Front/Popup/CSV
ซีพียู Model-006,Intel,Model-006,ซีพียู (CPU),1290,0,sold,2026-06-04,,https://m.me/justcomth,https://line.me/R/ti/p/~your_line_id,images/ซีพียู_1_main_1200x800.png,"images/ซีพียู_1_extra1_1280x720.png,images/ซีพียู_1_extra2_1280x720.png",สินค้าในหมวด ซีพียู (CPU) รุ่น Model-006,รายละเอียดเต็มสำหรับ ซีพียู Model-006 — ตัวอย่างข้อมูลเพื่อทดสอบระบบ Front/Popup/CSV
ซีพียู Model-007,AMD,Model-007,ซีพียู (CPU),790,5,sold,2026-11-24,,https://m.me/justcomth,https://line.me/R/ti/p/~your_line_id,images/ซีพียู_2_main_1000x750.png,"images/ซีพียู_2_extra1_1024x768.png,images/ซีพียู_2_extra2_1024x768.png",สินค้าในหมวด ซีพียู (CPU) รุ่น Model-007,รายละเอียดเต็มสำหรับ ซีพียู Model-007 — ตัวอย่างข้อมูลเพื่อทดสอบระบบ Front/Popup/CSV
ซีพียู Model-008,Intel,Model-008,ซีพียู (CPU),990,0,sold,2027-03-20,,https://m.me/justcomth,https://line.me/R/ti/p/~your_line_id,images/ซีพียู_3_main_900x900.png,"images/ซีพียู_3_extra1_900x900.png,images/ซีพียู_3_extra2_900x900.png",สินค้าในหมวด ซีพียู (CPU) รุ่น Model-008,รายละเอียดเต็มสำหรับ ซีพียู Model-008 — ตัวอย่างข้อมูลเพื่อทดสอบระบบ Front/Popup/CSV
ซีพียู Model-009,AMD,Model-009,ซีพียู (CPU),11900,0,sold,2027-02-19,,https://m.me/justcomth,https://line.me/R/ti/p/~your_line_id,images/ซีพียู_4_main_1280x720.png,"images/ซีพียู_4_extra1_1000x750.png,images/ซีพียู_4_extra2_1024x768.png",สินค้าในหมวด ซีพียู (CPU) รุ่น Model-009,รายละเอียดเต็มสำหรับ ซีพียู Model-009 — ตัวอย่างข้อมูลเพื่อทดสอบระบบ Front/Popup/CSV
ซีพียู Model-010,AMD,Model-010,ซีพียู (CPU),790,0,sold,2026-12-07,new,https://m.me/justcomth,https://line.me/R/ti/p/~your_line_id,images/ซีพียู_5_main_1024x768.png,"images/ซีพียู_5_extra1_900x900.png,images/ซีพียู_5_extra2_1280x720.png",สินค้าในหมวด ซีพียู (CPU) รุ่น Model-010,รายละเอียดเต็มสำหรับ ซีพียู Model-010 — ตัวอย่างข้อมูลเพื่อทดสอบระบบ Front/Popup/CSV
เมนบอร์ด Model-011,ASUS,Model-011,เมนบอร์ด (Mainboard),990,0,sold,2026-10-04,,https://m.me/justcomth,https://line.me/R/ti/p/~your_line_id,images/เมนบอร์ด_1_main_1200x800.png,"images/เมนบอร์ด_1_extra1_1024x768.png,images/เมนบอร์ด_1_extra2_1000x750.png",สินค้าในหมวด เมนบอร์ด (Mainboard) รุ่น Model-011,รายละเอียดเต็มสำหรับ เมนบอร์ด Model-011 — ตัวอย่างข้อมูลเพื่อทดสอบระบบ Front/Popup/CSV
เมนบอร์ด Model-012,MSI,Model-012,เมนบอร์ด (Mainboard),790,6,sold,2026-06-02,,https://m.me/justcomth,https://line.me/R/ti/p/~your_line_id,images/เมนบอร์ด_2_main_1000x750.png,"images/เมนบอร์ด_2_extra1_1000x750.png,images/เมนบอร์ด_2_extra2_1200x800.png",สินค้าในหมวด เมนบอร์ด (Mainboard) รุ่น Model-012,รายละเอียดเต็มสำหรับ เมนบอร์ด Model-012 — ตัวอย่างข้อมูลเพื่อทดสอบระบบ Front/Popup/CSV
เมนบอร์ด Model-013,Gigabyte,Model-013,เมนบอร์ด (Mainboard),7990,1,active,2027-02-09,,https://m.me/justcomth,https://line.me/R/ti/p/~your_line_id,images/เมนบอร์ด_3_main_900x900.png,"images/เมนบอร์ด_3_extra1_1000x750.png,images/เมนบอร์ด_3_extra2_1200x800.png",สินค้าในหมวด เมนบอร์ด (Mainboard) รุ่น Model-013,รายละเอียดเต็มสำหรับ เมนบอร์ด Model-013 — ตัวอย่างข้อมูลเพื่อทดสอบระบบ Front/Popup/CSV
เมนบอร์ด Model-014,ASRock,Model-014,เมนบอร์ด (Mainboard),1590,0,sold,2027-01-24,,https://m.me/justcomth,https://line.me/R/ti/p/~your_line_id,images/เมนบอร์ด_4_main_1280x720.png,"images/เมนบอร์ด_4_extra1_1000x750.png,images/เมนบอร์ด_4_extra2_900x900.png",สินค้าในหมวด เมนบอร์ด (Mainboard) รุ่น Model-014,รายละเอียดเต็มสำหรับ เมนบอร์ด Model-014 — ตัวอย่างข้อมูลเพื่อทดสอบระบบ Front/Popup/CSV
เมนบอร์ด Model-015,Biostar,Model-015,เมนบอร์ด (Mainboard),1990,5,active,2026-02-11,new,https://m.me/justcomth,https://line.me/R/ti/p/~your_line_id,images/เมนบอร์ด_5_main_1024x768.png,"images/เมนบอร์ด_5_extra1_1200x800.png,images/เมนบอร์ด_5_extra2_900x900.png",สินค้าในหมวด เมนบอร์ด (Mainboard) รุ่น Model-015,รายละเอียดเต็มสำหรับ เมนบอร์ด Model-015 — ตัวอย่างข้อมูลเพื่อทดสอบระบบ Front/Popup/CSV
แรม Model-016,Kingston,Model-016,แรม (RAM),7990,3,active,2026-07-29,,https://m.me/justcomth,https://line.me/R/ti/p/~your_line_id,images/แรม_1_main_1200x800.png,"images/แรม_1_extra1_1024x768.png,images/แรม_1_extra2_1024x768.png",สินค้าในหมวด แรม (RAM) รุ่น Model-016,รายละเอียดเต็มสำหรับ แรม Model-016 — ตัวอย่างข้อมูลเพื่อทดสอบระบบ Front/Popup/CSV
แรม Model-017,Corsair,Model-017,แรม (RAM),11900,1,sold,2026-09-30,new,https://m.me/justcomth,https://line.me/R/ti/p/~your_line_id,images/แรม_2_main_1000x750.png,"images/แรม_2_extra1_1024x768.png,images/แรม_2_extra2_1024x768.png",สินค้าในหมวด แรม (RAM) รุ่น Model-017,รายละเอียดเต็มสำหรับ แรม Model-017 — ตัวอย่างข้อมูลเพื่อทดสอบระบบ Front/Popup/CSV
แรม Model-018,G.Skill,Model-018,แรม (RAM),1990,0,sold,2026-04-18,,https://m.me/justcomth,https://line.me/R/ti/p/~your_line_id,images/แรม_3_main_900x900.png,"images/แรม_3_extra1_1280x720.png,images/แรม_3_extra2_1024x768.png",สินค้าในหมวด แรม (RAM) รุ่น Model-018,รายละเอียดเต็มสำหรับ แรม Model-018 — ตัวอย่างข้อมูลเพื่อทดสอบระบบ Front/Popup/CSV
แรม Model-019,ADATA,Model-019,แรม (RAM),1290,5,active,2026-10-21,,https://m.me/justcomth,https://line.me/R/ti/p/~your_line_id,images/แรม_4_main_1280x720.png,"images/แรม_4_extra1_1280x720.png,images/แรม_4_extra2_1200x800.png",สินค้าในหมวด แรม (RAM) รุ่น Model-019,รายละเอียดเต็มสำหรับ แรม Model-019 — ตัวอย่างข้อมูลเพื่อทดสอบระบบ Front/Popup/CSV
แรม Model-020,Crucial,Model-020,แรม (RAM),790,2,active,2026-08-04,new,https://m.me/justcomth,https://line.me/R/ti/p/~your_line_id,images/แรม_5_main_1024x768.png,"images/แรม_5_extra1_900x900.png,images/แรม_5_extra2_900x900.png",สินค้าในหมวด แรม (RAM) รุ่น Model-020,รายละเอียดเต็มสำหรับ แรม Model-020 — ตัวอย่างข้อมูลเพื่อทดสอบระบบ Front/Popup/CSV
หน่วยความจำ Model-021,WD,Model-021,หน่วยความจำ (SSD/HDD),1990,3,active,2026-08-09,new,https://m.me/justcomth,https://line.me/R/ti/p/~your_line_id,images/หน่วยความจำ_1_main_1200x800.png,"images/หน่วยความจำ_1_extra1_900x900.png,images/หน่วยความจำ_1_extra2_1000x750.png",สินค้าในหมวด หน่วยความจำ (SSD/HDD) รุ่น Model-021,รายละเอียดเต็มสำหรับ หน่วยความจำ Model-021 — ตัวอย่างข้อมูลเพื่อทดสอบระบบ Front/Popup/CSV
หน่วยความจำ Model-022,Samsung,Model-022,หน่วยความจำ (SSD/HDD),1290,3,sold,2026-05-03,,https://m.me/justcomth,https://line.me/R/ti/p/~your_line_id,images/หน่วยความจำ_2_main_1000x750.png,"images/หน่วยความจำ_2_extra1_1024x768.png,images/หน่วยความจำ_2_extra2_900x900.png",สินค้าในหมวด หน่วยความจำ (SSD/HDD) รุ่น Model-022,รายละเอียดเต็มสำหรับ หน่วยความจำ Model-022 — ตัวอย่างข้อมูลเพื่อทดสอบระบบ Front/Popup/CSV
หน่วยความจำ Model-023,Kingston,Model-023,หน่วยความจำ (SSD/HDD),1590,0,sold,2026-08-27,new,https://m.me/justcomth,https://line.me/R/ti/p/~your_line_id,images/หน่วยความจำ_3_main_900x900.png,"images/หน่วยความจำ_3_extra1_1024x768.png,images/หน่วยความจำ_3_extra2_1200x800.png",สินค้าในหมวด หน่วยความจำ (SSD/HDD) รุ่น Model-023,รายละเอียดเต็มสำหรับ หน่วยความจำ Model-023 — ตัวอย่างข้อมูลเพื่อทดสอบระบบ Front/Popup/CSV
หน่วยความจำ Model-024,Seagate,Model-024,หน่วยความจำ (SSD/HDD),2590,2,active,2026-05-03,new,https://m.me/justcomth,https://line.me/R/ti/p/~your_line_id,images/หน่วยความจำ_4_main_1280x720.png,"images/หน่วยความจำ_4_extra1_1200x800.png,images/หน่วยความจำ_4_extra2_1000x750.png",สินค้าในหมวด หน่วยความจำ (SSD/HDD) รุ่น Model-024,รายละเอียดเต็มสำหรับ หน่วยความจำ Model-024 — ตัวอย่างข้อมูลเพื่อทดสอบระบบ Front/Popup/CSV
หน่วยความจำ Model-025,Crucial,Model-025,หน่วยความจำ (SSD/HDD),11900,6,active,2026-06-28,,https://m.me/justcomth,https://line.me/R/ti/p/~your_line_id,images/หน่วยความจำ_5_main_1024x768.png,"images/หน่วยความจำ_5_extra1_900x900.png,images/หน่วยความจำ_5_extra2_1024x768.png",สินค้าในหมวด หน่วยความจำ (SSD/HDD) รุ่น Model-025,รายละเอียดเต็มสำหรับ หน่วยความจำ Model-025 — ตัวอย่างข้อมูลเพื่อทดสอบระบบ Front/Popup/CSV
พาวเวอร์ซัพพลาย Model-026,Corsair,Model-026,พาวเวอร์ซัพพลาย (PSU),990,4,active,2026-05-03,,https://m.me/justcomth,https://line.me/R/ti/p/~your_line_id,images/พาวเวอร์ซัพพลาย_1_main_1200x800.png,"images/พาวเวอร์ซัพพลาย_1_extra1_1280x720.png,images/พาวเวอร์ซัพพลาย_1_extra2_1280x720.png",สินค้าในหมวด พาวเวอร์ซัพพลาย (PSU) รุ่น Model-026,รายละเอียดเต็มสำหรับ พาวเวอร์ซัพพลาย Model-026 — ตัวอย่างข้อมูลเพื่อทดสอบระบบ Front/Popup/CSV
พาวเวอร์ซัพพลาย Model-027,Cooler Master,Model-027,พาวเวอร์ซัพพลาย (PSU),790,6,sold,2026-02-12,new,https://m.me/justcomth,https://line.me/R/ti/p/~your_line_id,images/พาวเวอร์ซัพพลาย_2_main_1000x750.png,"images/พาวเวอร์ซัพพลาย_2_extra1_1024x768.png,images/พาวเวอร์ซัพพลาย_2_extra2_1200x800.png",สินค้าในหมวด พาวเวอร์ซัพพลาย (PSU) รุ่น Model-027,รายละเอียดเต็มสำหรับ พาวเวอร์ซัพพลาย Model-027 — ตัวอย่างข้อมูลเพื่อทดสอบระบบ Front/Popup/CSV
พาวเวอร์ซัพพลาย Model-028,Thermaltake,Model-028,พาวเวอร์ซัพพลาย (PSU),7990,0,sold,2026-06-19,new,https://m.me/justcomth,https://line.me/R/ti/p/~your_line_id,images/พาวเวอร์ซัพพลาย_3_main_900x900.png,"images/พาวเวอร์ซัพพลาย_3_extra1_1200x800.png,images/พาวเวอร์ซัพพลาย_3_extra2_1200x800.png",สินค้าในหมวด พาวเวอร์ซัพพลาย (PSU) รุ่น Model-028,รายละเอียดเต็มสำหรับ พาวเวอร์ซัพพลาย Model-028 — ตัวอย่างข้อมูลเพื่อทดสอบระบบ Front/Popup/CSV
พาวเวอร์ซัพพลาย Model-029,Seasonic,Model-029,พาวเวอร์ซัพพลาย (PSU),7990,5,active,2026-09-21,new,https://m.me/justcomth,https://line.me/R/ti/p/~your_line_id,images/พาวเวอร์ซัพพลาย_4_main_1280x720.png,"images/พาวเวอร์ซัพพลาย_4_extra1_1000x750.png,images/พาวเวอร์ซัพพลาย_4_extra2_1024x768.png",สินค้าในหมวด พาวเวอร์ซัพพลาย (PSU) รุ่น Model-029,รายละเอียดเต็มสำหรับ พาวเวอร์ซัพพลาย Model-029 — ตัวอย่างข้อมูลเพื่อทดสอบระบบ Front/Popup/CSV
พาวเวอร์ซัพพลาย Model-030,Antec,Model-030,พาวเวอร์ซัพพลาย (PSU),7990,1,active,2026-08-24,,https://m.me/justcomth,https://line.me/R/ti/p/~your_line_id,images/พาวเวอร์ซัพพลาย_5_main_1024x768.png,"images/พาวเวอร์ซัพพลาย_5_extra1_1024x768.png,images/พาวเวอร์ซัพพลาย_5_extra2_1200x800.png",สินค้าในหมวด พาวเวอร์ซัพพลาย (PSU) รุ่น Model-030,รายละเอียดเต็มสำหรับ พาวเวอร์ซัพพลาย Model-030 — ตัวอย่างข้อมูลเพื่อทดสอบระบบ Front/Popup/CSV
ระบบระบายความร้อน/ Model-031,Deepcool,Model-031,ระบบระบายความร้อน/,4590,6,active,2026-06-28,,https://m.me/justcomth,https://line.me/R/ti/p/~your_line_id,images/ระบบระบายความร้อน__1_main_1200x800.png,"images/ระบบระบายความร้อน__1_extra1_1024x768.png,images/ระบบระบายความร้อน__1_extra2_1280x720.png",สินค้าในหมวด ระบบระบายความร้อน/ รุ่น Model-031,รายละเอียดเต็มสำหรับ ระบบระบายความร้อน/ Model-031 — ตัวอย่างข้อมูลเพื่อทดสอบระบบ Front/Popup/CSV
ระบบระบายความร้อน/ Model-032,Cooler Master,Model-032,ระบบระบายความร้อน/,2590,3,sold,2026-03-18,,https://m.me/justcomth,https://line.me/R/ti/p/~your_line_id,images/ระบบระบายความร้อน__2_main_1000x750.png,"images/ระบบระบายความร้อน__2_extra1_900x900.png,images/ระบบระบายความร้อน__2_extra2_1000x750.png",สินค้าในหมวด ระบบระบายความร้อน/ รุ่น Model-032,รายละเอียดเต็มสำหรับ ระบบระบายความร้อน/ Model-032 — ตัวอย่างข้อมูลเพื่อทดสอบระบบ Front/Popup/CSV
ระบบระบายความร้อน/ Model-033,Noctua,Model-033,ระบบระบายความร้อน/,2590,1,active,2026-09-02,new,https://m.me/justcomth,https://line.me/R/ti/p/~your_line_id,images/ระบบระบายความร้อน__3_main_900x900.png,"images/ระบบระบายความร้อน__3_extra1_900x900.png,images/ระบบระบายความร้อน__3_extra2_1200x800.png",สินค้าในหมวด ระบบระบายความร้อน/ รุ่น Model-033,รายละเอียดเต็มสำหรับ ระบบระบายความร้อน/ Model-033 — ตัวอย่างข้อมูลเพื่อทดสอบระบบ Front/Popup/CSV
ระบบระบายความร้อน/ Model-034,ID-Cooling,Model-034,ระบบระบายความร้อน/,790,6,active,2027-02-27,,https://m.me/justcomth,https://line.me/R/ti/p/~your_line_id,images/ระบบระบายความร้อน__4_main_1280x720.png,"images/ระบบระบายความร้อน__4_extra1_1000x750.png,images/ระบบระบายความร้อน__4_extra2_900x900.png",สินค้าในหมวด ระบบระบายความร้อน/ รุ่น Model-034,รายละเอียดเต็มสำหรับ ระบบระบายความร้อน/ Model-034 — ตัวอย่างข้อมูลเพื่อทดสอบระบบ Front/Popup/CSV
ระบบระบายความร้อน/ Model-035,Arctic,Model-035,ระบบระบายความร้อน/,990,3,active,2026-08-09,,https://m.me/justcomth,https://line.me/R/ti/p/~your_line_id,images/ระบบระบายความร้อน__5_main_1024x768.png,"images/ระบบระบายความร้อน__5_extra1_1000x750.png,images/ระบบระบายความร้อน__5_extra2_1000x750.png",สินค้าในหมวด ระบบระบายความร้อน/ รุ่น Model-035,รายละเอียดเต็มสำหรับ ระบบระบายความร้อน/ Model-035 — ตัวอย่างข้อมูลเพื่อทดสอบระบบ Front/Popup/CSV
เซ็ทรวม/อื่นๆ Model-036,JUSTCOM,Model-036,เซ็ทรวม/อื่นๆ,1990,4,active,2026-07-09,new,https://m.me/justcomth,https://line.me/R/ti/p/~your_line_id,images/เซ็ทรวม_อื่นๆ_1_main_1200x800.png,"images/เซ็ทรวม_อื่นๆ_1_extra1_1200x800.png,images/เซ็ทรวม_อื่นๆ_1_extra2_1000x750.png",สินค้าในหมวด เซ็ทรวม/อื่นๆ รุ่น Model-036,รายละเอียดเต็มสำหรับ เซ็ทรวม/อื่นๆ Model-036 — ตัวอย่างข้อมูลเพื่อทดสอบระบบ Front/Popup/CSV
เซ็ทรวม/อื่นๆ Model-037,JUSTCOM,Model-037,เซ็ทรวม/อื่นๆ,1590,1,sold,2026-01-21,,https://m.me/justcomth,https://line.me/R/ti/p/~your_line_id,images/เซ็ทรวม_อื่นๆ_2_main_1000x750.png,"images/เซ็ทรวม_อื่นๆ_2_extra1_1000x750.png,images/เซ็ทรวม_อื่นๆ_2_extra2_1200x800.png",สินค้าในหมวด เซ็ทรวม/อื่นๆ รุ่น Model-037,รายละเอียดเต็มสำหรับ เซ็ทรวม/อื่นๆ Model-037 — ตัวอย่างข้อมูลเพื่อทดสอบระบบ Front/Popup/CSV
เซ็ทรวม/อื่นๆ Model-038,JUSTCOM,Model-038,เซ็ทรวม/อื่นๆ,4590,3,active,2026-12-01,,https://m.me/justcomth,https://line.me/R/ti/p/~your_line_id,images/เซ็ทรวม_อื่นๆ_3_main_900x900.png,"images/เซ็ทรวม_อื่นๆ_3_extra1_1024x768.png,images/เซ็ทรวม_อื่นๆ_3_extra2_1024x768.png",สินค้าในหมวด เซ็ทรวม/อื่นๆ รุ่น Model-038,รายละเอียดเต็มสำหรับ เซ็ทรวม/อื่นๆ Model-038 — ตัวอย่างข้อมูลเพื่อทดสอบระบบ Front/Popup/CSV
เซ็ทรวม/อื่นๆ Model-039,JUSTCOM,Model-039,เซ็ทรวม/อื่นๆ,11900,2,active,2026-11-13,,https://m.me/justcomth,https://line.me/R/ti/p/~your_line_id,images/เซ็ทรวม_อื่นๆ_4_main_1280x720.png,"images/เซ็ทรวม_อื่นๆ_4_extra1_1200x800.png,images/เซ็ทรวม_อื่นๆ_4_extra2_1280x720.png",สินค้าในหมวด เซ็ทรวม/อื่นๆ รุ่น Model-039,รายละเอียดเต็มสำหรับ เซ็ทรวม/อื่นๆ Model-039 — ตัวอย่างข้อมูลเพื่อทดสอบระบบ Front/Popup/CSV
เซ็ทรวม/อื่นๆ Model-040,JUSTCOM,Model-040,เซ็ทรวม/อื่นๆ,4590,2,active,2026-03-11,,https://m.me/justcomth,https://line.me/R/ti/p/~your_line_id,images/เซ็ทรวม_อื่นๆ_5_main_1024x768.png,"images/เซ็ทรวม_อื่นๆ_5_extra1_1024x768.png,images/เซ็ทรวม_อื่นๆ_5_extra2_900x900.png",สินค้าในหมวด เซ็ทรวม/อื่นๆ รุ่น Model-040,รายละเอียดเต็มสำหรับ เซ็ทรวม/อื่นๆ Model-040 — ตัวอย่างข้อมูลเพื่อทดสอบระบบ Front/Popup/CSV
